id,first_name,last_name,email,gender,ip_address
1,Alphard,Scales,ascales0@bbb.org,Male,214.210.58.17
2,Laurel,Sellor,lsellor1@wikipedia.org,Female,179.77.138.178
3,Erskine,Alsina,ealsina2@java.com,Male,210.19.76.16
4,Madella,Curling,mcurling3@nifty.com,Female,22.59.194.52
5,Sunshine,Phlipon,sphlipon4@mail.ru,Female,119.207.0.21
6,Roseann,Hamsher,rhamsher5@smugmug.com,Female,232.53.220.181
7,Shayne,Donnellan,sdonnellan6@opera.com,Bigender,144.150.137.104
8,Hope,Groven,hgroven7@networkadvertising.org,Genderqueer,127.133.108.142
9,Mayor,Churcher,mchurcher8@blogger.com,Agender,155.89.48.80
10,Dotty,Enrique,denrique9@hud.gov,Female,195.199.60.90
11,Jeralee,Sime,jsimea@cpanel.net,Female,128.198.148.163
12,Jamil,Ciobotaru,jciobotarub@craigslist.org,Male,27.173.222.69
13,Imojean,Raxworthy,iraxworthyc@arizona.edu,Female,7.217.156.210
14,Eolande,Tenbrug,etenbrugd@google.com,Genderfluid,151.131.9.130
15,Jeremias,Chopin,jchopine@ibm.com,Male,132.219.57.239
16,Sharron,Stiff,sstifff@chronoengine.com,Female,84.160.88.56
17,Goddart,Charer,gcharerg@creativecommons.org,Male,136.19.240.52
18,Kinnie,Blackster,kblacksterh@ehow.com,Male,249.159.128.255
19,Barbey,Girdlestone,bgirdlestonei@godaddy.com,Female,18.123.79.108
20,Jaimie,Bothams,jbothamsj@mlb.com,Female,59.223.206.6
21,Damiano,McConnal,dmcconnalk@techcrunch.com,Male,215.178.238.15
22,Gaspard,Gribbon,ggribbonl@netlog.com,Male,255.15.221.36
23,Justus,Baudi,jbaudim@xrea.com,Male,21.238.168.156
24,Goldarina,Walewicz,gwalewiczn@bluehost.com,Female,181.150.49.50
25,Maxie,Hyslop,mhyslopo@yolasite.com,Male,27.185.234.40
26,Carling,Goakes,cgoakesp@skype.com,Male,239.10.36.200
27,Cornell,Hessing,chessingq@sciencedirect.com,Male,45.69.127.168
28,Nancee,Flanagan,nflanaganr@nydailynews.com,Female,91.162.165.247
29,Carlie,Angelini,cangelinis@samsung.com,Male,81.45.85.54
30,Daffie,Rhubottom,drhubottomt@toplist.cz,Female,16.177.23.7
31,Inga,Clink,iclinku@ucoz.ru,Female,32.180.57.112
32,Anderson,Sowerby,asowerbyv@webmd.com,Agender,29.79.93.165
33,Madalyn,Padberry,mpadberryw@cisco.com,Female,27.218.142.81
34,Elianore,Mallam,emallamx@networksolutions.com,Female,31.57.119.53
35,Brana,Peperell,bpeperelly@e-recht24.de,Agender,57.216.5.42
36,Stuart,Kalb,skalbz@opensource.org,Male,100.194.63.20
37,Ricki,Yeardsley,ryeardsley10@blogspot.com,Male,13.133.80.166
38,Gare,Stovine,gstovine11@imageshack.us,Male,9.0.94.52
39,Lavinia,Janoschek,ljanoschek12@is.gd,Female,193.217.41.225
40,Birdie,St Pierre,bstpierre13@mediafire.com,Genderfluid,216.250.175.57
41,Travers,Choudhury,tchoudhury14@xinhuanet.com,Male,20.213.68.131
42,Idelle,Picard,ipicard15@dropbox.com,Female,159.117.241.160
43,Agnese,Wilce,awilce16@zimbio.com,Female,219.104.116.231
44,Brendon,Baitman,bbaitman17@census.gov,Male,246.230.98.215
45,Josiah,Garfitt,jgarfitt18@blog.com,Genderfluid,78.147.65.109
46,Stefanie,Challens,schallens19@odnoklassniki.ru,Female,195.168.68.175
47,Sophey,Severs,ssevers1a@cpanel.net,Female,100.36.43.66
48,Benjamin,Killock,bkillock1b@flavors.me,Male,214.9.21.198
49,Horten,Saice,hsaice1c@adobe.com,Male,70.162.175.43
50,Geoffrey,Kilrow,gkilrow1d@forbes.com,Male,41.130.103.42
51,Leesa,Allder,lallder1e@indiegogo.com,Female,66.232.28.176
52,Kalil,Layne,klayne1f@flickr.com,Male,210.232.153.3
53,Tommie,Mollitt,tmollitt1g@biblegateway.com,Female,150.27.206.134
54,Carma,Enriquez,cenriquez1h@studiopress.com,Female,103.66.218.254
55,Luciana,Hartrick,lhartrick1i@bloglovin.com,Female,1.5.137.164
56,Lurleen,Tinsley,ltinsley1j@eventbrite.com,Female,174.246.66.73
57,Philippine,Kemer,pkemer1k@tamu.edu,Female,246.180.84.241
58,Jefferey,Glenn,jglenn1l@thetimes.co.uk,Male,233.31.178.181
59,Robbie,Dewett,rdewett1m@blogger.com,Female,85.81.141.54
60,Nada,Shoulders,nshoulders1n@google.com.au,Female,154.159.237.186
61,Olivier,Gooddy,ogooddy1o@photobucket.com,Male,8.107.22.166
62,Nahum,Mitchell,nmitchell1p@e-recht24.de,Male,164.246.132.144
63,Ludwig,Fernan,lfernan1q@buzzfeed.com,Non-binary,7.187.221.31
64,Cyrillus,Deakin,cdeakin1r@examiner.com,Male,197.166.81.14
65,Drew,Dowdney,ddowdney1s@yellowpages.com,Male,92.201.88.62
66,Ami,Bodd,abodd1t@mysql.com,Female,69.43.254.83
67,Audrie,Gateman,agateman1u@goo.ne.jp,Female,191.198.183.52
68,Remington,Padrick,rpadrick1v@wordpress.com,Male,77.110.254.147
69,Chrissy,Cowely,ccowely1w@netvibes.com,Agender,51.86.22.222
70,Creight,Swallwell,cswallwell1x@tmall.com,Male,103.18.47.236
71,Trudie,Kemer,tkemer1y@foxnews.com,Non-binary,16.192.37.125
72,Herculie,Eary,heary1z@sciencedirect.com,Male,148.248.216.5
73,Allx,Drinkwater,adrinkwater20@printfriendly.com,Female,222.103.219.202
74,Kimmi,Everley,keverley21@cnet.com,Female,52.23.247.197
75,Edik,Laffoley-Lane,elaffoleylane22@naver.com,Male,16.19.239.89
76,Fina,Vane,fvane23@youtu.be,Female,105.80.135.162
77,Alyosha,Painten,apainten24@hao123.com,Male,209.70.36.80
78,Rodney,Lounds,rlounds25@bandcamp.com,Male,219.129.207.242
79,Giustino,Ruckledge,gruckledge26@addthis.com,Male,169.20.59.221
80,Brigham,Kalkofen,bkalkofen27@chicagotribune.com,Male,38.128.212.209
81,Melvin,Yaldren,myaldren28@acquirethisname.com,Male,33.106.121.30
82,Melitta,Belamy,mbelamy29@noaa.gov,Female,93.215.169.34
83,Faunie,Jarrad,fjarrad2a@icio.us,Female,222.143.174.202
84,Ricoriki,Diament,rdiament2b@blogger.com,Male,9.154.219.170
85,Max,Risborough,mrisborough2c@mapy.cz,Genderfluid,54.1.4.223
86,Clair,Lytle,clytle2d@guardian.co.uk,Male,226.88.189.104
87,Gilburt,Troy,gtroy2e@sohu.com,Male,52.20.14.8
88,Nicolas,Marnane,nmarnane2f@eventbrite.com,Male,134.156.84.54
89,Ab,Reddish,areddish2g@ask.com,Male,198.70.237.181
90,Joscelin,Bruyett,jbruyett2h@biblegateway.com,Female,221.93.173.188
91,Cortney,Curtis,ccurtis2i@simplemachines.org,Female,158.119.246.86
92,Lila,Narramore,lnarramore2j@geocities.jp,Female,141.198.32.69
93,Carina,Clousley,cclousley2k@java.com,Female,183.212.100.228
94,Lynette,Kopke,lkopke2l@ftc.gov,Female,147.18.17.111
95,Kerry,Olczyk,kolczyk2m@webmd.com,Male,96.189.64.232
96,Wallache,Brampton,wbrampton2n@fastcompany.com,Male,233.220.137.35
97,Laurie,Blowing,lblowing2o@dropbox.com,Female,2.49.184.230
98,Travus,Martini,tmartini2p@prnewswire.com,Male,14.36.73.2
99,Sampson,Kubatsch,skubatsch2q@cbslocal.com,Male,23.188.69.150
100,Marley,O Sullivan,mosullivan2r@google.pl,Female,203.120.160.82
101,Myer,Skeene,mskeene2s@networksolutions.com,Male,98.3.156.116
102,Essa,Sarle,esarle2t@studiopress.com,Female,133.132.97.19
103,Gibb,Raitie,graitie2u@tinypic.com,Male,71.6.123.7
104,Cordelie,Rolance,crolance2v@weibo.com,Female,217.132.48.57
105,Devy,Siveyer,dsiveyer2w@ebay.com,Male,87.70.147.193
106,Denny,Curcher,dcurcher2x@123-reg.co.uk,Polygender,125.221.153.83
107,Nester,Witchalls,nwitchalls2y@wunderground.com,Male,156.53.242.4
108,Maxwell,Harmson,mharmson2z@de.vu,Male,214.76.19.41
109,Charles,McNern,cmcnern30@123-reg.co.uk,Male,135.198.24.49
110,Calv,Penk,cpenk31@japanpost.jp,Male,139.166.98.27
111,Antonio,Berlin,aberlin32@4shared.com,Male,189.160.62.249
112,Jaclyn,Wardesworth,jwardesworth33@google.com.br,Female,186.211.197.124
113,Nickey,Rollo,nrollo34@webmd.com,Male,252.164.4.119
114,Kean,Challenor,kchallenor35@bbb.org,Male,67.182.30.120
115,Mel,Bodsworth,mbodsworth36@drupal.org,Male,232.103.211.165
116,Katina,Stanwix,kstanwix37@paypal.com,Female,246.71.133.128
117,Dennie,Salan,dsalan38@so-net.ne.jp,Female,163.206.169.74
118,Aurthur,Kattenhorn,akattenhorn39@goodreads.com,Male,120.70.217.230
119,Jacquelynn,Gillise,jgillise3a@reverbnation.com,Female,225.88.187.96
120,Yale,Clemett,yclemett3b@liveinternet.ru,Genderqueer,240.251.208.71
121,Ricoriki,Legerton,rlegerton3c@goodreads.com,Male,100.59.71.194
122,Kaylil,Hazeldean,khazeldean3d@phoca.cz,Female,24.59.66.110
123,Ethe,Trenam,etrenam3e@ebay.com,Male,1.221.92.228
124,Lizabeth,Skirving,lskirving3f@google.ru,Female,56.17.123.81
125,Rochell,Linn,rlinn3g@google.ru,Female,224.67.249.223
126,Birk,Lascell,blascell3h@blogger.com,Male,159.133.118.128
127,Binny,Dewes,bdewes3i@typepad.com,Female,48.43.19.174
128,Jocko,Cahn,jcahn3j@archive.org,Male,192.138.48.91
129,Sergent,Lomax,slomax3k@redcross.org,Male,162.162.186.187
130,Zelma,Rowena,zrowena3l@1und1.de,Polygender,24.203.10.32
131,Dale,Phayre,dphayre3m@dmoz.org,Male,167.95.53.152
132,Pietrek,Fretson,pfretson3n@nature.com,Male,223.221.48.42
133,Mala,Hold,mhold3o@google.com.br,Female,217.246.9.148
134,Finn,Caldroni,fcaldroni3p@yahoo.com,Male,116.73.129.170
135,Fleur,Bavister,fbavister3q@bloglovin.com,Female,223.77.215.29
136,Fionna,Fawcett,ffawcett3r@kickstarter.com,Female,252.207.190.210
137,Ario,Wayman,awayman3s@elpais.com,Male,9.118.254.40
138,Dion,Ciccotto,dciccotto3t@free.fr,Male,11.45.48.113
139,Tuckie,Loveman,tloveman3u@ucoz.ru,Polygender,10.128.230.116
140,Lambert,Grishukov,lgrishukov3v@wired.com,Male,38.14.94.126
141,Aime,Cosgriff,acosgriff3w@webmd.com,Female,220.139.134.138
142,Gerek,Iacavone,giacavone3x@webnode.com,Male,166.119.62.14
143,Jacquie,Maunder,jmaunder3y@netvibes.com,Female,93.29.170.13
144,Emili,Prene,eprene3z@dailymotion.com,Female,113.130.109.190
145,Dulcea,Beetlestone,dbeetlestone40@joomla.org,Female,27.87.88.138
146,Jolynn,Moan,jmoan41@chron.com,Female,235.211.97.219
147,Carmelina,Dansken,cdansken42@1und1.de,Female,150.173.207.165
148,Peter,Stribbling,pstribbling43@elpais.com,Male,207.248.124.192
149,Gabriele,Labuschagne,glabuschagne44@addtoany.com,Male,81.171.65.164
150,Demetris,Hegden,dhegden45@wired.com,Male,189.242.255.187
151,Bessy,Lidgerton,blidgerton46@zdnet.com,Female,186.212.78.126
152,Clywd,Musk,cmusk47@altervista.org,Male,108.254.250.225
153,Annnora,Herrema,aherrema48@paypal.com,Female,225.164.132.164
154,Tanner,Neising,tneising49@home.pl,Non-binary,76.81.149.6
155,Calida,Puckey,cpuckey4a@github.io,Female,115.165.207.90
156,Nicolai,Bollum,nbollum4b@reverbnation.com,Male,131.180.86.214
157,Clay,Hodgen,chodgen4c@flavors.me,Male,100.129.56.184
158,Dael,Mayoh,dmayoh4d@typepad.com,Male,223.224.100.26
159,Balduin,Scoggan,bscoggan4e@t.co,Male,77.107.112.43
160,Emelen,Sivior,esivior4f@eventbrite.com,Male,81.180.90.105
161,Homere,Jindra,hjindra4g@foxnews.com,Male,164.197.38.220
162,Marlena,Von Brook,mvonbrook4h@creativecommons.org,Female,166.174.18.93
163,Hendrick,Trenouth,htrenouth4i@blogspot.com,Male,47.198.27.68
164,Nikkie,Lanceter,nlanceter4j@independent.co.uk,Female,68.30.158.45
165,Carilyn,Scotford,cscotford4k@foxnews.com,Female,211.220.24.235
166,Taffy,Trusslove,ttrusslove4l@cafepress.com,Female,132.5.59.26
167,Fanya,Waumsley,fwaumsley4m@go.com,Female,161.115.72.47
168,Towney,Perrycost,tperrycost4n@123-reg.co.uk,Male,253.9.23.163
169,Thornton,Leaney,tleaney4o@flavors.me,Bigender,69.195.54.86
170,Cilka,Beardwell,cbeardwell4p@shareasale.com,Female,90.116.199.228
171,Clerissa,Simone,csimone4q@vk.com,Female,225.41.143.208
172,Hamilton,Brownlee,hbrownlee4r@joomla.org,Male,199.106.163.125
173,Odelia,Winspur,owinspur4s@over-blog.com,Female,190.145.38.230
174,Nicki,Halgarth,nhalgarth4t@nhs.uk,Female,104.216.101.87
175,Caresse,Pepi,cpepi4u@sogou.com,Female,148.148.178.116
176,Garv,Rubinsohn,grubinsohn4v@hatena.ne.jp,Male,250.155.7.12
177,Erl,Fuidge,efuidge4w@jimdo.com,Male,195.41.1.175
178,Kristina,Kaiser,kkaiser4x@biblegateway.com,Genderfluid,76.13.208.88
179,Carleen,Cockrill,ccockrill4y@com.com,Female,39.166.1.130
180,Manon,Gandy,mgandy4z@woothemes.com,Female,211.179.129.163
181,Giorgio,Abramcik,gabramcik50@zdnet.com,Genderfluid,179.62.115.215
182,Erinn,Sheraton,esheraton51@indiegogo.com,Female,178.124.151.144
183,Jeremy,Enrigo,jenrigo52@cmu.edu,Male,1.253.140.140
184,Stephana,Seiler,sseiler53@i2i.jp,Female,244.179.57.182
185,Carr,Repper,crepper54@dion.ne.jp,Male,70.42.168.215
186,Brita,Warrillow,bwarrillow55@army.mil,Female,27.244.245.157
187,Isac,Denes,idenes56@naver.com,Male,25.254.241.123
188,Lonny,Chidgey,lchidgey57@indiatimes.com,Male,221.160.149.46
189,Merwin,Liebrecht,mliebrecht58@ucla.edu,Male,117.90.253.50
190,Damara,O'Scannill,doscannill59@ifeng.com,Female,99.175.222.4
191,Scott,Wallbanks,swallbanks5a@wikispaces.com,Male,152.245.40.51
192,Jacquie,Greenlies,jgreenlies5b@google.com,Female,199.252.53.212
193,Misha,Simoneton,msimoneton5c@patch.com,Female,52.77.225.213
194,Arly,Willatts,awillatts5d@census.gov,Female,219.253.32.21
195,Joanne,Hamsson,jhamsson5e@vkontakte.ru,Female,160.203.76.233
196,Vonny,Baigrie,vbaigrie5f@tripadvisor.com,Female,99.54.219.226
197,Robina,De Maria,rdemaria5g@google.pl,Female,16.63.133.99
198,Norbie,Bareham,nbareham5h@jigsy.com,Male,230.66.52.53
199,Maurita,Erratt,merratt5i@livejournal.com,Agender,174.195.33.115
200,Merrile,Chiese,mchiese5j@google.fr,Female,80.37.173.73
201,Karoline,Hadleigh,khadleigh5k@ucla.edu,Female,93.48.33.68
202,Dominique,Bardill,dbardill5l@mashable.com,Female,106.175.27.241
203,Lauralee,Camilleri,lcamilleri5m@unesco.org,Non-binary,136.181.145.152
204,Hewe,Wardhaw,hwardhaw5n@dedecms.com,Male,50.239.14.153
205,Leigha,Pawellek,lpawellek5o@google.ca,Female,70.7.249.15
206,Niki,Larvin,nlarvin5p@tripadvisor.com,Male,69.129.236.140
207,Cherrita,Slocket,cslocket5q@google.fr,Female,237.30.150.156
208,Candace,Novak,cnovak5r@buzzfeed.com,Female,112.114.135.174
209,Kermie,De Gregoli,kdegregoli5s@a8.net,Male,79.83.128.247
210,Reece,O'Gormley,rogormley5t@webmd.com,Male,48.36.2.249
211,Drugi,Campey,dcampey5u@un.org,Male,144.193.72.53
212,Raynor,Ferrarese,rferrarese5v@jalbum.net,Bigender,226.193.24.160
213,Felecia,Cana,fcana5w@army.mil,Female,86.7.129.127
214,Leese,Howett,lhowett5x@sourceforge.net,Female,126.188.185.6
215,Welbie,Filchagin,wfilchagin5y@businessinsider.com,Male,55.98.156.102
216,Enos,Reynalds,ereynalds5z@amazon.co.jp,Male,7.206.88.139
217,Lesley,Canti,lcanti60@trellian.com,Male,107.244.92.98
218,Valaria,Joyner,vjoyner61@sitemeter.com,Female,192.215.131.243
219,Freemon,Koenraad,fkoenraad62@storify.com,Male,205.130.228.106
220,Adaline,Conkie,aconkie63@mit.edu,Female,235.191.175.45
221,Hakim,Lutwidge,hlutwidge64@wikia.com,Male,207.224.46.93
222,Gage,Miguel,gmiguel65@myspace.com,Agender,239.117.232.174
223,Dagny,Pettis,dpettis66@ow.ly,Male,176.5.134.159
224,Reinold,Giraths,rgiraths67@desdev.cn,Male,219.9.148.179
225,Neysa,Bunclark,nbunclark68@nba.com,Female,63.21.31.168
226,Tony,Grinyer,tgrinyer69@shareasale.com,Female,218.9.168.61
227,Andrea,Voff,avoff6a@theatlantic.com,Female,130.98.234.57
228,Foster,Bianco,fbianco6b@goo.ne.jp,Male,188.209.64.16
229,Ag,Figgs,afiggs6c@g.co,Female,209.30.114.89
230,Candy,Lewsie,clewsie6d@hp.com,Female,247.236.172.240
231,Karin,Felipe,kfelipe6e@behance.net,Female,67.174.69.177
232,Beverlee,Bushel,bbushel6f@pcworld.com,Female,47.246.96.156
233,Curtis,De Dantesie,cdedantesie6g@go.com,Non-binary,222.38.101.204
234,Orelee,Randalson,orandalson6h@yellowpages.com,Female,139.156.251.229
235,Rees,Broggio,rbroggio6i@shareasale.com,Male,216.53.224.176
236,Glenine,Greengrass,ggreengrass6j@mysql.com,Female,116.69.23.182
237,Tito,McDonagh,tmcdonagh6k@theatlantic.com,Male,120.27.94.106
238,Millie,Gallear,mgallear6l@taobao.com,Female,238.91.216.124
239,Katlin,Fletcher,kfletcher6m@example.com,Female,182.103.166.191
240,Vivia,Deevey,vdeevey6n@t.co,Female,203.52.153.150
241,Trueman,Salvati,tsalvati6o@bizjournals.com,Male,155.254.92.14
242,Guillema,Babin,gbabin6p@msu.edu,Female,247.190.107.255
243,Alanna,Vanyukhin,avanyukhin6q@parallels.com,Female,17.22.133.65
244,Barron,McIlvaney,bmcilvaney6r@opera.com,Male,74.24.91.189
245,Clayson,McPhelimey,cmcphelimey6s@nydailynews.com,Male,89.103.182.87
246,Chrystal,Vinick,cvinick6t@altervista.org,Female,184.85.222.224
247,Allister,Fayers,afayers6u@cbc.ca,Male,48.77.145.144
248,Zeb,Camp,zcamp6v@printfriendly.com,Male,195.194.38.0
249,Meaghan,Skala,mskala6w@newsvine.com,Female,151.181.141.79
250,Lesly,Spread,lspread6x@answers.com,Female,32.188.210.103
251,Alfonso,Swaile,aswaile6y@china.com.cn,Male,20.172.32.154
252,Somerset,Ratchford,sratchford6z@upenn.edu,Male,198.78.172.78
253,Caria,Provis,cprovis70@ftc.gov,Female,217.223.241.147
254,Ebeneser,Allicock,eallicock71@infoseek.co.jp,Male,107.234.71.63
255,Trix,Meco,tmeco72@columbia.edu,Female,75.109.33.64
256,Jeremy,Vasyagin,jvasyagin73@theatlantic.com,Male,253.190.146.68
257,Hamlin,Scotfurth,hscotfurth74@miibeian.gov.cn,Polygender,59.214.125.238
258,Spike,Mehaffey,smehaffey75@ow.ly,Male,214.153.253.74
259,Pennie,Lanham,planham76@netvibes.com,Male,50.133.194.161
260,Cathlene,Redit,credit77@surveymonkey.com,Female,137.138.209.110
261,Alexia,Andreas,aandreas78@godaddy.com,Female,189.11.245.165
262,Horace,Shirtcliffe,hshirtcliffe79@dot.gov,Male,141.174.102.156
263,Kennie,Hay,khay7a@technorati.com,Genderfluid,105.39.107.182
264,Deeanne,Boodle,dboodle7b@ustream.tv,Female,93.91.250.5
265,Katee,Guisler,kguisler7c@wordpress.org,Polygender,94.25.45.155
266,Marlo,Galey,mgaley7d@quantcast.com,Female,117.134.65.248
267,Ewen,Prestage,eprestage7e@businesswire.com,Non-binary,139.240.38.187
268,Bibby,Blaxill,bblaxill7f@xrea.com,Female,72.206.104.150
269,Teresita,Corstan,tcorstan7g@myspace.com,Female,239.85.113.192
270,Benedicta,Parradye,bparradye7h@51.la,Female,22.60.120.1
271,Hephzibah,Scarfe,hscarfe7i@posterous.com,Female,41.78.147.178
272,Rebecka,Pyffe,rpyffe7j@jalbum.net,Female,45.215.205.124
273,Tuckie,Wegner,twegner7k@mayoclinic.com,Male,99.131.172.87
274,Nanete,Zaple,nzaple7l@indiatimes.com,Female,187.174.90.142
275,Brandi,Loache,bloache7m@mysql.com,Non-binary,210.164.238.46
276,Bessy,Bastick,bbastick7n@storify.com,Female,7.97.44.228
277,Viviyan,Spellward,vspellward7o@twitter.com,Female,36.138.37.139
278,Lizette,Tillett,ltillett7p@columbia.edu,Non-binary,206.18.23.48
279,Sholom,Lonnon,slonnon7q@reverbnation.com,Male,195.113.63.20
280,Opaline,Breawood,obreawood7r@amazon.com,Female,160.186.143.124
281,Halette,Thridgould,hthridgould7s@imdb.com,Female,242.19.66.207
282,Thornton,Gavrielli,tgavrielli7t@deviantart.com,Male,116.173.248.151
283,Alvis,Harman,aharman7u@businessweek.com,Male,42.92.216.163
284,Ritchie,Birckmann,rbirckmann7v@answers.com,Male,207.36.73.4
285,Dilan,Ambrogetti,dambrogetti7w@canalblog.com,Male,252.120.108.23
286,Estell,Clint,eclint7x@house.gov,Female,111.195.99.247
287,Valina,Brosoli,vbrosoli7y@bbc.co.uk,Female,242.160.128.107
288,Tiffi,Roakes,troakes7z@ovh.net,Female,231.42.238.63
289,Lisetta,Greves,lgreves80@ustream.tv,Female,37.190.243.60
290,Rolph,Irvine,rirvine81@reuters.com,Male,6.221.27.45
291,Roxy,MacClenan,rmacclenan82@altervista.org,Female,32.215.199.112
292,Valry,Whopples,vwhopples83@blogs.com,Female,248.79.221.83
293,Kikelia,Bambery,kbambery84@github.com,Female,1.157.108.227
294,Inger,Hamlen,ihamlen85@vimeo.com,Male,95.218.235.80
295,Flora,Coyish,fcoyish86@gmpg.org,Female,197.199.205.248
296,Ike,Sherrington,isherrington87@lycos.com,Male,191.128.173.3
297,Elane,Barnwell,ebarnwell88@illinois.edu,Female,170.17.205.109
298,Brenn,Carnilian,bcarnilian89@deliciousdays.com,Female,216.31.166.105
299,Meade,Russi,mrussi8a@jalbum.net,Male,9.16.8.77
300,Walker,Zincke,wzincke8b@fc2.com,Male,25.189.88.166
301,Torre,Lebourn,tlebourn8c@hibu.com,Male,189.115.20.183
302,Iormina,Dimic,idimic8d@cam.ac.uk,Female,160.162.214.194
303,Gwenny,Amys,gamys8e@discovery.com,Female,154.70.111.215
304,Rurik,Wenzel,rwenzel8f@nba.com,Male,87.22.149.5
305,Dennis,Oakwell,doakwell8g@purevolume.com,Male,16.119.153.8
306,Yolande,Kerrich,ykerrich8h@census.gov,Female,193.244.194.1
307,Almeria,Pietruszewicz,apietruszewicz8i@taobao.com,Female,220.161.64.14
308,Isahella,Cleen,icleen8j@wisc.edu,Female,181.226.39.72
309,Milli,Rubie,mrubie8k@nih.gov,Female,239.82.177.145
310,Lane,Hallihan,lhallihan8l@google.pl,Female,0.6.231.227
311,Freida,Geharke,fgeharke8m@devhub.com,Female,131.252.226.143
312,Loreen,Giaomozzo,lgiaomozzo8n@skype.com,Female,1.169.90.251
313,Aeriela,Elwyn,aelwyn8o@ft.com,Female,1.25.124.50
314,Shadow,Chiles,schiles8p@harvard.edu,Male,190.236.8.55
315,Charlotta,Goodfield,cgoodfield8q@prlog.org,Female,186.180.77.250
316,Graig,Senett,gsenett8r@wikia.com,Male,27.68.54.229
317,Wini,Caulfield,wcaulfield8s@boston.com,Female,43.129.50.236
318,Antoine,Rucklesse,arucklesse8t@ca.gov,Male,202.230.9.52
319,Analise,Cotgrave,acotgrave8u@unc.edu,Female,247.173.0.180
320,Clare,Gatch,cgatch8v@ftc.gov,Female,187.112.185.43
321,Joice,Ambrogio,jambrogio8w@un.org,Female,21.6.225.63
322,Yorgo,Raffeorty,yraffeorty8x@hatena.ne.jp,Male,181.172.39.180
323,Karlene,Wolfendell,kwolfendell8y@aboutads.info,Female,3.67.132.32
324,Oswald,Cushelly,ocushelly8z@tumblr.com,Male,229.136.37.205
325,Marybeth,Bartens,mbartens90@pen.io,Female,94.185.52.238
326,Claudina,Davidy,cdavidy91@economist.com,Female,76.120.163.222
327,Egon,Hehl,ehehl92@nydailynews.com,Agender,34.80.55.79
328,Northrup,Tole,ntole93@state.tx.us,Male,129.207.241.41
329,Clair,Wattinham,cwattinham94@narod.ru,Male,225.173.124.120
330,Gaylor,Wadly,gwadly95@goodreads.com,Male,154.68.138.26
331,Quincy,Geall,qgeall96@bing.com,Genderqueer,103.122.176.145
332,Heather,Woodman,hwoodman97@netscape.com,Female,181.31.190.136
333,Mervin,Goldis,mgoldis98@about.me,Male,169.6.15.110
334,Merilee,Gummer,mgummer99@taobao.com,Female,201.122.45.178
335,Moise,Crapper,mcrapper9a@geocities.jp,Male,200.148.88.223
336,Jonas,Cicculini,jcicculini9b@quantcast.com,Male,81.129.216.249
337,Roderich,Ludlow,rludlow9c@163.com,Male,57.48.172.145
338,Grange,Mingardi,gmingardi9d@paginegialle.it,Male,225.215.73.54
339,Lenora,Swinfen,lswinfen9e@reddit.com,Female,222.4.6.95
340,Corinne,Bazely,cbazely9f@acquirethisname.com,Female,110.134.238.160
341,Wynnie,Goff,wgoff9g@usa.gov,Polygender,136.165.137.76
342,Burg,Perrinchief,bperrinchief9h@bloomberg.com,Male,189.31.69.150
343,Buffy,Norrington,bnorrington9i@yahoo.com,Female,104.246.139.68
344,Solomon,McEwan,smcewan9j@merriam-webster.com,Male,89.116.76.155
345,Loria,Waddie,lwaddie9k@angelfire.com,Female,195.156.86.169
346,Svend,Lewing,slewing9l@statcounter.com,Male,193.120.176.177
347,Arman,Connell,aconnell9m@163.com,Male,102.205.26.61
348,Rick,Fulker,rfulker9n@illinois.edu,Male,46.153.52.161
349,Ingelbert,Craddy,icraddy9o@trellian.com,Agender,98.53.73.75
350,Alair,Gudyer,agudyer9p@arstechnica.com,Genderfluid,77.190.12.196
351,Ruben,Ratchford,rratchford9q@dot.gov,Male,251.19.206.219
352,Dacey,Doale,ddoale9r@latimes.com,Female,204.214.84.139
353,Reinwald,MacSporran,rmacsporran9s@mayoclinic.com,Male,176.93.68.179
354,Starlene,Broxup,sbroxup9t@cocolog-nifty.com,Female,61.18.202.54
355,Laughton,Pearn,lpearn9u@si.edu,Male,153.246.210.170
356,Goraud,Miskelly,gmiskelly9v@studiopress.com,Male,140.67.96.28
357,Alwin,Mastrantone,amastrantone9w@pinterest.com,Male,95.59.58.126
358,Cozmo,Petrashov,cpetrashov9x@e-recht24.de,Male,5.62.61.200
359,Pall,Deamer,pdeamer9y@furl.net,Male,139.218.62.189
360,Cosetta,Russe,crusse9z@mapquest.com,Female,12.38.89.217
361,Hilton,Watting,hwattinga0@wikia.com,Male,109.226.70.14
362,Mattheus,Lafontaine,mlafontainea1@boston.com,Male,17.95.203.3
363,Orlando,Bremley,obremleya2@mit.edu,Polygender,25.177.248.121
364,Joya,Gerleit,jgerleita3@ted.com,Female,169.183.69.151
365,Clementius,Brent,cbrenta4@google.co.uk,Male,209.230.23.208
366,Rina,Comiam,rcomiama5@sfgate.com,Female,235.51.63.211
367,Shurwood,Garmey,sgarmeya6@cdc.gov,Male,32.8.174.246
368,Harald,Cuchey,hcucheya7@vinaora.com,Genderqueer,188.108.121.5
369,Kaiser,Abramof,kabramofa8@dailymotion.com,Male,174.204.193.226
370,Casper,Vennart,cvennarta9@va.gov,Male,69.159.92.162
371,Ardith,Stibbs,astibbsaa@fda.gov,Female,90.163.6.83
372,Trixy,Thorndale,tthorndaleab@berkeley.edu,Female,73.217.66.171
373,Ennis,Biggar,ebiggarac@imageshack.us,Male,231.79.10.131
374,Cathryn,Keri,ckeriad@theguardian.com,Female,224.240.188.53
375,Warren,Guilloud,wguilloudae@fotki.com,Male,149.183.57.36
376,Bondy,Minall,bminallaf@github.com,Male,59.101.85.138
377,Lydie,Tumioto,ltumiotoag@economist.com,Female,191.137.59.86
378,Dorise,Tunnicliffe,dtunnicliffeah@google.fr,Female,104.161.91.167
379,Alexandros,Betonia,abetoniaai@cocolog-nifty.com,Male,208.96.235.225
380,Udell,Koppel,ukoppelaj@blogs.com,Agender,133.251.66.105
381,Casi,Iannitti,ciannittiak@wired.com,Female,24.46.212.179
382,Mart,Morforth,mmorforthal@nps.gov,Genderfluid,222.128.153.27
383,Shaun,Sawday,ssawdayam@google.com.br,Male,11.163.180.35
384,Emmet,Frany,efranyan@domainmarket.com,Male,49.206.208.41
385,Bron,Creffeild,bcreffeildao@wordpress.org,Male,84.78.118.112
386,Cecilio,Sinkings,csinkingsap@facebook.com,Male,206.132.43.82
387,Chere,Kunzelmann,ckunzelmannaq@1688.com,Female,12.110.25.174
388,Fayina,Tomovic,ftomovicar@nymag.com,Female,177.53.163.238
389,Hasty,Bowlas,hbowlasas@aol.com,Male,2.241.228.193
390,Townsend,Sedgefield,tsedgefieldat@livejournal.com,Male,62.224.219.142
391,Gideon,McTeggart,gmcteggartau@wsj.com,Male,24.117.70.3
392,Oriana,Fitchett,ofitchettav@mashable.com,Female,69.32.12.128
393,Ginger,Beaves,gbeavesaw@mashable.com,Male,117.137.179.126
394,Sheelagh,Gothliff,sgothliffax@phpbb.com,Female,250.103.127.202
395,Joyce,Olenov,jolenovay@statcounter.com,Polygender,43.172.0.138
396,Koral,Chowne,kchowneaz@netscape.com,Female,218.233.170.61
397,Madeline,Grewes,mgrewesb0@amazon.com,Female,84.244.19.104
398,Pierson,McShane,pmcshaneb1@wp.com,Male,81.226.88.84
399,Dido,Rogez,drogezb2@themeforest.net,Female,66.226.87.231
400,Coleen,Abdee,cabdeeb3@icq.com,Female,174.131.74.192
401,Bron,Beer,bbeerb4@yahoo.co.jp,Male,229.245.92.181
402,Granny,Espinal,gespinalb5@ted.com,Genderfluid,109.151.96.247
403,Luce,De Lorenzo,ldelorenzob6@purevolume.com,Genderqueer,194.99.24.211
404,Zak,Cady,zcadyb7@infoseek.co.jp,Male,45.234.146.34
405,Alidia,Huguet,ahuguetb8@tuttocitta.it,Female,139.221.199.217
406,Murielle,Gergler,mgerglerb9@parallels.com,Female,86.222.239.213
407,Leigha,Hynard,lhynardba@biblegateway.com,Genderqueer,65.230.98.204
408,Abigale,Clutterham,aclutterhambb@si.edu,Female,30.176.206.69
409,Hortense,Eskrigge,heskriggebc@taobao.com,Female,85.208.68.230
410,Garwin,Kyffin,gkyffinbd@imdb.com,Male,179.248.86.76
411,Ingamar,Farenden,ifarendenbe@senate.gov,Male,234.49.241.4
412,Odetta,Drake,odrakebf@pcworld.com,Female,200.21.183.245
413,Hollyanne,Ambrosoli,hambrosolibg@telegraph.co.uk,Female,171.86.39.99
414,Sibylla,Sleicht,ssleichtbh@de.vu,Female,74.23.62.241
415,Lem,Dain,ldainbi@qq.com,Male,21.171.111.178
416,Yancey,Leamy,yleamybj@fc2.com,Male,152.168.181.18
417,Horatius,Van Halen,hvanhalenbk@cam.ac.uk,Male,215.48.81.52
418,Leonhard,Abrashkin,labrashkinbl@china.com.cn,Male,239.196.106.150
419,Andree,Rankine,arankinebm@washington.edu,Female,4.218.147.4
420,Jaquelyn,Pardal,jpardalbn@shareasale.com,Female,199.195.53.191
421,Janelle,Potkins,jpotkinsbo@cam.ac.uk,Female,84.122.220.252
422,Sibyl,Frangione,sfrangionebp@earthlink.net,Female,110.251.10.6
423,Pamelina,Horney,phorneybq@mozilla.org,Female,27.76.49.140
424,Hayward,Dunlop,hdunlopbr@unc.edu,Male,139.69.47.27
425,Abner,Prynne,aprynnebs@over-blog.com,Male,217.6.127.159
426,Lynde,Carruthers,lcarruthersbt@ezinearticles.com,Female,33.91.0.220
427,Gareth,Billson,gbillsonbu@histats.com,Male,252.234.115.146
428,Fiorenze,Riediger,friedigerbv@technorati.com,Female,165.205.19.66
429,Iggy,Lowrance,ilowrancebw@dropbox.com,Male,131.70.217.66
430,Ginevra,Kembry,gkembrybx@icio.us,Female,112.18.31.151
431,Annadiana,Darleston,adarlestonby@gmpg.org,Female,140.146.240.249
432,Alva,Silber,asilberbz@bizjournals.com,Genderfluid,71.189.254.46
433,Becka,Squibb,bsquibbc0@ning.com,Female,201.90.8.96
434,Pauletta,Broadbridge,pbroadbridgec1@linkedin.com,Female,202.175.248.157
435,Cacilia,Cressor,ccressorc2@reverbnation.com,Female,187.43.217.56
436,Nicholas,Skace,nskacec3@shop-pro.jp,Male,159.155.18.127
437,Rafi,Caygill,rcaygillc4@ask.com,Male,198.37.244.247
438,Boony,Alecock,balecockc5@tiny.cc,Male,138.18.125.215
439,Christal,Conquest,cconquestc6@people.com.cn,Female,152.44.204.150
440,Glenn,Soldan,gsoldanc7@redcross.org,Male,70.121.234.255
441,Cheri,Bousler,cbouslerc8@yandex.ru,Female,23.163.86.93
442,Harp,Huelin,hhuelinc9@yahoo.co.jp,Agender,139.245.175.116
443,Eimile,O'Gleasane,eogleasaneca@cisco.com,Female,76.110.115.54
444,Paloma,Beardon,pbeardoncb@amazon.co.uk,Female,24.127.250.87
445,Patrizia,Mason,pmasoncc@wix.com,Female,150.149.98.63
446,Rice,MacClancey,rmacclanceycd@answers.com,Male,173.221.55.212
447,Marcie,Scruby,mscrubyce@aboutads.info,Female,19.112.117.67
448,Brandice,Cellier,bcelliercf@cdbaby.com,Female,21.13.134.207
449,Kial,Kemme,kkemmecg@baidu.com,Female,90.47.79.248
450,Hagan,Dike,hdikech@altervista.org,Male,25.138.226.219
451,Sabrina,Meltetal,smeltetalci@amazon.co.jp,Female,39.57.20.223
452,Lisabeth,Hearnah,lhearnahcj@youtu.be,Female,252.86.13.16
453,Shelli,Sollime,ssollimeck@flavors.me,Female,141.174.134.3
454,Joane,Yalden,jyaldencl@statcounter.com,Female,123.107.199.65
455,Donny,Vannozzii,dvannozziicm@cnn.com,Female,189.248.182.9
456,Star,Gildroy,sgildroycn@prlog.org,Female,204.140.108.188
457,Tami,Alywen,talywenco@si.edu,Genderfluid,234.40.76.128
458,Honey,McDunlevy,hmcdunlevycp@fotki.com,Female,11.126.22.23
459,Luciano,Holdworth,lholdworthcq@drupal.org,Genderfluid,216.144.227.143
460,Bambie,Brownsworth,bbrownsworthcr@scribd.com,Female,139.92.107.65
461,Barnard,Hearsey,bhearseycs@netvibes.com,Male,182.152.216.224
462,Hilly,Imlaw,himlawct@google.com.au,Male,187.126.61.84
463,Thibaud,Musker,tmuskercu@mediafire.com,Male,149.11.21.105
464,Julianne,Ebrall,jebrallcv@psu.edu,Female,167.146.90.162
465,Cybil,Dabbs,cdabbscw@studiopress.com,Female,154.62.17.156
466,Elvera,Kuhnel,ekuhnelcx@typepad.com,Female,176.52.157.168
467,Hugh,Ricket,hricketcy@g.co,Male,136.111.5.201
468,Layla,Luckings,lluckingscz@wikipedia.org,Female,75.113.23.19
469,Milty,Bernholt,mbernholtd0@cdbaby.com,Male,161.144.98.2
470,Danya,Paradis,dparadisd1@gravatar.com,Female,253.219.4.226
471,Innis,Moiser,imoiserd2@goo.ne.jp,Male,23.96.207.5
472,Lyndsey,Phillpotts,lphillpottsd3@mapy.cz,Non-binary,18.50.169.214
473,Herrick,Death,hdeathd4@soup.io,Male,175.217.23.28
474,Blanche,Rennison,brennisond5@ifeng.com,Female,110.36.41.117
475,Adler,Raulston,araulstond6@businessinsider.com,Male,235.0.126.134
476,Godfree,Mattioni,gmattionid7@ft.com,Male,2.232.41.155
477,Pen,Fright,pfrightd8@jalbum.net,Female,179.148.202.159
478,Bret,Maplesden,bmaplesdend9@stumbleupon.com,Male,129.217.200.37
479,Sheppard,Ranscomb,sranscombda@sciencedaily.com,Male,113.105.108.104
480,Frederik,Ableson,fablesondb@oaic.gov.au,Male,249.128.96.142
481,Ashby,Blankley,ablankleydc@oakley.com,Male,227.222.175.146
482,Eula,Reddie,ereddiedd@zimbio.com,Female,247.160.100.183
483,Angela,Luxton,aluxtonde@bloglovin.com,Agender,191.182.174.239
484,Fleurette,Gamil,fgamildf@mozilla.org,Female,95.10.199.155
485,Leland,Cuniam,lcuniamdg@ameblo.jp,Male,43.82.154.62
486,Bob,Kincey,bkinceydh@eepurl.com,Male,86.212.48.183
487,Cyrus,Custed,ccusteddi@admin.ch,Male,166.242.109.33
488,Pierrette,Ossulton,possultondj@jimdo.com,Female,230.210.153.186
489,Cosetta,Orys,corysdk@go.com,Female,206.202.201.69
490,Cleveland,Hanssmann,chanssmanndl@constantcontact.com,Male,17.154.41.0
491,Dedra,Edmund,dedmunddm@dot.gov,Female,183.220.99.1
492,Chandra,Hourihane,chourihanedn@addtoany.com,Female,83.46.64.63
493,Harrietta,Wigfall,hwigfalldo@washington.edu,Female,174.220.128.112
494,Bevon,Hackelton,bhackeltondp@soundcloud.com,Male,171.141.98.152
495,Osbert,Skahill,oskahilldq@theatlantic.com,Male,119.54.62.103
496,Goldarina,Bangiard,gbangiarddr@feedburner.com,Female,212.179.111.69
497,Laurie,Sage,lsageds@sbwire.com,Male,239.68.74.80
498,Randi,Coutts,rcouttsdt@webs.com,Male,75.44.160.28
499,Calida,Renne,crennedu@marketwatch.com,Female,65.241.61.17
500,Chevalier,Clayill,cclayilldv@yahoo.com,Male,34.112.98.224
501,Eada,MacGiffin,emacgiffindw@tripod.com,Female,52.27.109.129
502,Eyde,Wraxall,ewraxalldx@microsoft.com,Female,174.111.188.98
503,Mira,Sapsford,msapsforddy@who.int,Female,151.16.212.150
504,Dodie,Odd,dodddz@creativecommons.org,Female,43.109.204.162
505,Rickert,Sobey,rsobeye0@oaic.gov.au,Male,73.39.83.199
506,Carlin,Weekland,cweeklande1@cnet.com,Female,195.149.133.130
507,Elka,Le Marchant,elemarchante2@a8.net,Female,179.247.62.50
508,Billy,Heinl,bheinle3@sourceforge.net,Female,76.113.117.116
509,Kurtis,Rosnau,krosnaue4@cam.ac.uk,Male,238.190.110.225
510,Christopher,Woodfin,cwoodfine5@hud.gov,Male,236.141.118.65
511,Abbie,Padley,apadleye6@mozilla.com,Female,168.56.140.168
512,Odelinda,Fine,ofinee7@china.com.cn,Female,65.253.110.173
513,Stirling,Nevet,snevete8@ameblo.jp,Male,207.252.210.133
514,Georges,Himsworth,ghimsworthe9@qq.com,Male,32.131.206.170
515,Farlee,Secrett,fsecrettea@cornell.edu,Male,188.10.139.164
516,Jillie,Brabin,jbrabineb@illinois.edu,Female,35.155.154.163
517,Lurline,Mustarde,lmustardeec@eventbrite.com,Female,38.27.222.53
518,Lorena,Easbie,leasbieed@sina.com.cn,Female,207.11.118.76
519,Shelly,Kubczak,skubczakee@google.com.hk,Female,8.176.32.245
520,Selina,Chalkly,schalklyef@com.com,Female,17.254.113.26
521,Brendin,MacDonagh,bmacdonagheg@ihg.com,Male,31.211.198.229
522,Georgie,MacGillavery,gmacgillaveryeh@dropbox.com,Bigender,104.190.247.236
523,Sharleen,Fibben,sfibbenei@sciencedaily.com,Female,5.235.128.60
524,Krissy,Niesing,kniesingej@hhs.gov,Female,187.253.62.110
525,Ambros,Jopson,ajopsonek@bbb.org,Male,247.164.158.139
526,Stace,Rodmell,srodmellel@deliciousdays.com,Female,204.183.61.102
527,Beaufort,Juhruke,bjuhrukeem@upenn.edu,Male,11.218.200.218
528,Tiffani,Delouch,tdelouchen@engadget.com,Female,79.106.202.181
529,Misha,Troughton,mtroughtoneo@vk.com,Female,1.245.28.183
530,Bruno,Ambrogetti,bambrogettiep@yellowpages.com,Male,38.33.11.249
531,Don,Mainston,dmainstoneq@nifty.com,Male,86.21.177.245
532,Renee,MacCarlich,rmaccarlicher@hhs.gov,Female,157.224.218.124
533,Noelle,Berringer,nberringeres@state.gov,Female,250.70.92.37
534,Noach,Benitti,nbenittiet@mac.com,Male,131.30.62.129
535,Pembroke,Candelin,pcandelineu@twitpic.com,Male,246.243.53.81
536,Lulu,Shorto,lshortoev@cocolog-nifty.com,Female,217.32.113.138
537,Manuel,Barmby,mbarmbyew@dmoz.org,Male,72.136.0.214
538,Kara,Klimushev,kklimushevex@whitehouse.gov,Female,97.33.102.128
539,Phedra,Bier,pbierey@multiply.com,Female,149.220.187.124
540,Ulrich,Gundry,ugundryez@ftc.gov,Male,106.202.191.10
541,Jarvis,Swiffen,jswiffenf0@i2i.jp,Male,218.40.237.223
542,Kendal,Creboe,kcreboef1@com.com,Male,56.162.205.32
543,Mead,Weild,mweildf2@cloudflare.com,Female,118.165.207.43
544,Yves,Leel,yleelf3@japanpost.jp,Male,188.211.41.157
545,Gaby,Bagot,gbagotf4@upenn.edu,Male,193.52.53.165
546,Melita,Dermot,mdermotf5@house.gov,Female,201.163.145.50
547,Selia,Slimm,sslimmf6@trellian.com,Female,236.30.109.36
548,Cassondra,Steiner,csteinerf7@jiathis.com,Female,117.158.252.218
549,Berkly,Band,bbandf8@webs.com,Male,71.230.23.185
550,Laetitia,Clinnick,lclinnickf9@state.gov,Female,195.73.202.216
551,Gaye,Thomassen,gthomassenfa@de.vu,Female,170.170.86.169
552,Modestine,Frank,mfrankfb@rediff.com,Female,113.67.102.218
553,Prudence,Street,pstreetfc@mayoclinic.com,Female,71.88.5.51
554,Boycey,Ballance,bballancefd@quantcast.com,Male,169.156.108.119
555,Burgess,Nutman,bnutmanfe@sun.com,Male,138.253.72.84
556,Keely,Greir,kgreirff@chicagotribune.com,Female,155.145.137.196
557,Bunni,Jandera,bjanderafg@lulu.com,Non-binary,0.139.166.199
558,Cristionna,McCrory,cmccroryfh@bandcamp.com,Female,12.165.224.123
559,Lowrance,Pigram,lpigramfi@ed.gov,Male,255.195.170.118
560,Corri,Apark,caparkfj@mashable.com,Female,232.146.192.140
561,Karlene,Winkle,kwinklefk@deliciousdays.com,Non-binary,208.78.242.2
562,Kirsten,Pentland,kpentlandfl@mysql.com,Female,130.65.209.59
563,Corrinne,Cadwallader,ccadwalladerfm@arstechnica.com,Female,65.51.33.37
564,Moses,Malyj,mmalyjfn@slashdot.org,Male,65.6.6.121
565,Chad,McConnell,cmcconnellfo@vinaora.com,Male,37.240.56.34
566,Mordecai,Wheatman,mwheatmanfp@fotki.com,Male,32.242.198.166
567,Ignazio,Gravie,igraviefq@qq.com,Male,87.180.75.80
568,Brendan,Saddleton,bsaddletonfr@mail.ru,Male,159.13.103.7
569,Waiter,Colum,wcolumfs@parallels.com,Male,86.250.111.127
570,Pris,Arnoldi,parnoldift@weibo.com,Female,71.253.203.196
571,Shaughn,Greally,sgreallyfu@netlog.com,Male,92.130.114.73
572,Silvain,Sharple,ssharplefv@usatoday.com,Male,246.179.24.218
573,Georas,Wison,gwisonfw@loc.gov,Male,237.246.171.80
574,Vonnie,Ney,vneyfx@bluehost.com,Female,185.19.224.176
575,Brigham,Warbys,bwarbysfy@mozilla.org,Male,78.204.63.18
576,Marga,Iuorio,miuoriofz@yahoo.co.jp,Female,51.98.122.157
577,Theodor,Curzon,tcurzong0@prweb.com,Male,188.97.67.197
578,Garwood,Adderley,gadderleyg1@dmoz.org,Male,8.15.197.38
579,Myra,Smout,msmoutg2@tumblr.com,Female,147.196.127.243
580,Maye,Halfhide,mhalfhideg3@usnews.com,Female,33.66.58.94
581,Bourke,Lewsey,blewseyg4@forbes.com,Male,156.175.246.225
582,Karlene,Alldritt,kalldrittg5@google.nl,Female,60.242.38.37
583,Lynnell,MacCome,lmaccomeg6@businessinsider.com,Female,131.168.189.145
584,Regine,Jeffryes,rjeffryesg7@europa.eu,Genderfluid,56.117.184.91
585,Florrie,Golt,fgoltg8@yahoo.co.jp,Non-binary,36.176.139.60
586,Nikolai,Klinck,nklinckg9@who.int,Polygender,125.119.205.157
587,Blaire,Kester,bkesterga@craigslist.org,Female,39.4.109.224
588,Rasla,Binnion,rbinniongb@wikipedia.org,Female,242.232.56.49
589,Melanie,Bulfoot,mbulfootgc@forbes.com,Female,39.34.142.172
590,Syd,Grewe,sgrewegd@google.cn,Male,161.40.162.23
591,Luisa,Burkinshaw,lburkinshawge@discuz.net,Genderfluid,84.106.19.154
592,Miquela,Ambrogioni,mambrogionigf@yahoo.com,Female,12.214.58.98
593,Darline,Lanphere,dlanpheregg@rambler.ru,Female,240.37.85.75
594,Jerrie,Vasilenko,jvasilenkogh@google.cn,Male,207.36.90.214
595,Ernesta,McGuckin,emcguckingi@google.co.uk,Female,194.28.4.13
596,Rolf,Gregersen,rgregersengj@e-recht24.de,Male,94.41.79.189
597,Lauralee,Kedie,lkediegk@cisco.com,Female,82.135.132.44
598,Vlad,Veljes,vveljesgl@youtube.com,Male,244.39.237.143
599,Tami,Cammiemile,tcammiemilegm@about.com,Female,20.214.77.224
600,Britta,Josupeit,bjosupeitgn@vimeo.com,Genderfluid,79.27.100.169
601,Kristen,Law,klawgo@t-online.de,Female,194.113.136.78
602,Damara,Rosnau,drosnaugp@google.pl,Female,71.99.140.218
603,Edsel,Lapree,elapreegq@t-online.de,Male,139.254.48.137
604,Marta,Fawthorpe,mfawthorpegr@alibaba.com,Female,85.190.54.233
605,Thedric,Borzone,tborzonegs@squidoo.com,Male,106.201.157.141
606,Aurora,Call,acallgt@msn.com,Female,249.184.64.201
607,Orion,Lorrain,olorraingu@wordpress.org,Male,97.233.244.147
608,Cathe,Flasby,cflasbygv@weibo.com,Female,29.0.33.92
609,Maggi,Craigmyle,mcraigmylegw@deliciousdays.com,Female,166.161.68.203
610,Agna,Sunner,asunnergx@storify.com,Female,210.193.241.131
611,Sukey,Ure,suregy@e-recht24.de,Female,52.174.219.225
612,Kirk,Crossgrove,kcrossgrovegz@ycombinator.com,Bigender,171.111.132.182
613,Garvin,Maingot,gmaingoth0@wsj.com,Male,60.142.148.165
614,Juieta,Gentle,jgentleh1@sun.com,Female,47.242.102.183
615,Ameline,Beavors,abeavorsh2@ihg.com,Female,161.49.17.228
616,Brendis,Dovidian,bdovidianh3@seesaa.net,Male,58.201.31.156
617,Dolph,Connelly,dconnellyh4@redcross.org,Male,37.113.240.140
618,Ardelle,McCaughen,amccaughenh5@yelp.com,Female,182.9.42.72
619,Alyda,Gristock,agristockh6@jugem.jp,Female,84.151.73.42
620,Winnifred,Leason,wleasonh7@google.es,Female,243.67.68.74
621,De witt,Bouzan,dbouzanh8@uiuc.edu,Male,168.177.185.77
622,Frazier,Ferri,fferrih9@yellowbook.com,Male,231.132.190.225
623,Elliot,Bullcock,ebullcockha@nature.com,Male,37.38.223.236
624,Gideon,Pleace,gpleacehb@wired.com,Male,47.246.166.209
625,Cody,Willicott,cwillicotthc@marketwatch.com,Female,196.132.138.18
626,Jojo,Petrosian,jpetrosianhd@google.fr,Female,220.186.178.74
627,Joletta,Vasilchenko,jvasilchenkohe@ucoz.ru,Female,13.189.21.116
628,Licha,Reek,lreekhf@multiply.com,Female,45.89.59.61
629,Evonne,Piesing,epiesinghg@merriam-webster.com,Female,187.220.149.141
630,Eugen,MacAless,emacalesshh@kickstarter.com,Male,141.62.137.140
631,Gigi,Crowest,gcrowesthi@instagram.com,Female,115.241.105.88
632,Melinda,Ollive,mollivehj@about.me,Female,1.116.215.80
633,Mureil,Buddell,mbuddellhk@ustream.tv,Female,235.99.203.171
634,Cecil,Froud,cfroudhl@who.int,Female,19.104.102.128
635,Isidore,Stoddard,istoddardhm@washington.edu,Male,32.232.13.119
636,Marlon,Pighills,mpighillshn@ocn.ne.jp,Male,160.233.192.102
637,Lexie,Romanini,lromaniniho@scribd.com,Female,192.70.166.134
638,Deane,Vlasyuk,dvlasyukhp@google.co.jp,Male,221.179.122.232
639,Conn,Fitzsymon,cfitzsymonhq@ihg.com,Male,39.121.249.131
640,Heloise,Caple,hcaplehr@bloglines.com,Female,215.250.186.73
641,Nelia,Darlow,ndarlowhs@cafepress.com,Female,105.109.109.138
642,Duff,Thursfield,dthursfieldht@live.com,Male,142.45.162.228
643,Spike,O'Murtagh,somurtaghhu@comcast.net,Male,21.96.148.201
644,Gustave,Jays,gjayshv@cornell.edu,Male,246.62.169.242
645,Paige,Humpage,phumpagehw@statcounter.com,Male,215.89.43.63
646,Liam,Mendez,lmendezhx@ucla.edu,Male,98.8.104.237
647,Esme,Beacon,ebeaconhy@java.com,Female,137.90.199.15
648,Blakeley,Ledington,bledingtonhz@unesco.org,Female,1.150.87.83
649,Sophie,Enoksson,senokssoni0@cbc.ca,Bigender,127.218.161.112
650,Ludvig,Thirsk,lthirski1@cocolog-nifty.com,Male,49.227.56.74
651,Mozelle,Swanwick,mswanwicki2@salon.com,Female,107.164.153.129
652,Allister,Meatyard,ameatyardi3@whitehouse.gov,Male,0.253.50.83
653,David,Corzor,dcorzori4@ucoz.com,Male,15.22.8.163
654,Chalmers,Parkman,cparkmani5@altervista.org,Male,83.241.74.172
655,Guillemette,Huckett,ghucketti6@seattletimes.com,Female,48.140.37.228
656,Aubert,Inder,ainderi7@wikia.com,Male,43.199.172.79
657,Nicky,Sanches,nsanchesi8@gmpg.org,Male,2.207.237.148
658,Corry,Lots,clotsi9@i2i.jp,Female,32.246.130.144
659,Charmane,Quillinane,cquillinaneia@merriam-webster.com,Female,3.53.94.80
660,Zechariah,Grichukhin,zgrichukhinib@sourceforge.net,Male,161.93.192.35
661,Grover,Tuckwell,gtuckwellic@live.com,Male,71.92.108.135
662,Rickie,Lamcken,rlamckenid@t-online.de,Female,207.68.204.255
663,Randy,Matura,rmaturaie@last.fm,Female,9.59.220.102
664,Micheal,Rulton,mrultonif@vinaora.com,Male,128.40.121.223
665,Dynah,Sherbourne,dsherbourneig@tripod.com,Female,19.133.134.93
666,Alayne,Dowry,adowryih@dedecms.com,Female,250.41.70.126
667,Inessa,Raffin,iraffinii@woothemes.com,Female,60.172.21.165
668,Catharina,Taveriner,ctaverinerij@cyberchimps.com,Female,11.161.144.151
669,Carmelina,Sandeman,csandemanik@wp.com,Female,236.218.45.92
670,Lew,Metheringham,lmetheringhamil@blogs.com,Male,23.187.214.55
671,Geralda,Redfern,gredfernim@time.com,Female,214.177.126.122
672,Roarke,Cornick,rcornickin@mac.com,Male,204.188.117.21
673,Tan,Undrill,tundrillio@npr.org,Male,221.165.230.69
674,Babette,Braunthal,bbraunthalip@admin.ch,Female,224.182.235.227
675,Chev,Bachura,cbachuraiq@mlb.com,Male,79.14.179.91
676,Orton,Madison,omadisonir@samsung.com,Male,186.109.173.200
677,Blanche,Phizackerly,bphizackerlyis@nbcnews.com,Female,16.14.214.114
678,Cecilia,Clifford,ccliffordit@cnn.com,Female,218.100.141.98
679,Gunter,Elden,geldeniu@engadget.com,Male,31.92.34.97
680,Janot,Reah,jreahiv@whitehouse.gov,Female,183.19.15.52
681,Avram,Timberlake,atimberlakeiw@usnews.com,Male,194.154.234.201
682,Kilian,Grissett,kgrissettix@furl.net,Polygender,96.217.173.211
683,Samantha,Taudevin,staudeviniy@prnewswire.com,Female,165.205.53.43
684,Reginauld,Laity,rlaityiz@is.gd,Male,226.148.4.219
685,Jacquie,Fleetham,jfleethamj0@addthis.com,Female,131.131.17.253
686,Anette,Peschet,apeschetj1@opensource.org,Female,2.58.4.174
687,Darrick,Blais,dblaisj2@lulu.com,Male,228.230.26.116
688,Morly,Catto,mcattoj3@geocities.com,Male,69.140.53.130
689,Darla,Purbrick,dpurbrickj4@economist.com,Female,132.51.183.135
690,Jobey,Brech,jbrechj5@forbes.com,Genderqueer,218.20.79.215
691,Rikki,Gavahan,rgavahanj6@purevolume.com,Male,222.195.125.129
692,Filberte,Temlett,ftemlettj7@mapy.cz,Male,241.2.138.217
693,Martguerita,Erbain,merbainj8@imdb.com,Female,104.221.232.90
694,Hartley,Buttriss,hbuttrissj9@sina.com.cn,Male,73.38.228.246
695,Radcliffe,Rodell,rrodellja@qq.com,Male,147.118.199.17
696,Zechariah,Islep,zislepjb@so-net.ne.jp,Bigender,173.175.182.126
697,Tallulah,Mankor,tmankorjc@hao123.com,Female,134.49.87.184
698,Angelina,Gave,agavejd@mozilla.org,Female,87.180.116.245
699,Nichole,Rengger,nrenggerje@shinystat.com,Male,55.56.158.125
700,Mathe,Lilley,mlilleyjf@newsvine.com,Male,218.196.41.128
701,Gretel,Cardenoza,gcardenozajg@yandex.ru,Bigender,51.147.82.92
702,Andros,Duffy,aduffyjh@blog.com,Male,248.124.40.136
703,Umeko,MacIntosh,umacintoshji@bizjournals.com,Female,19.157.62.7
704,Amelina,Peer,apeerjj@pcworld.com,Female,95.211.104.65
705,Georgiana,Jeffers,gjeffersjk@addtoany.com,Female,150.162.211.230
706,Belvia,Gilhooly,bgilhoolyjl@noaa.gov,Female,120.254.1.72
707,Benjy,Carvill,bcarvilljm@diigo.com,Male,140.35.245.39
708,Crystal,Barribal,cbarribaljn@smh.com.au,Female,179.188.95.53
709,Paul,Sibley,psibleyjo@quantcast.com,Male,144.10.194.253
710,Rozele,Sinderland,rsinderlandjp@cnn.com,Bigender,79.67.199.9
711,Mirelle,Lawler,mlawlerjq@blogtalkradio.com,Female,161.236.102.244
712,Joelynn,Reford,jrefordjr@e-recht24.de,Female,107.86.184.226
713,Dolf,Rouff,drouffjs@baidu.com,Male,147.24.195.119
714,Hardy,Opy,hopyjt@wordpress.com,Male,43.17.188.186
715,Ingrim,Brockelsby,ibrockelsbyju@zimbio.com,Genderfluid,75.216.244.115
716,Tasia,Nisbet,tnisbetjv@dailymotion.com,Female,246.189.36.213
717,Wakefield,Pinchon,wpinchonjw@artisteer.com,Male,29.144.147.127
718,Caryl,McManamen,cmcmanamenjx@google.ca,Female,16.124.180.239
719,Ameline,Chadwell,achadwelljy@omniture.com,Female,34.49.18.162
720,Cara,Dacey,cdaceyjz@mlb.com,Female,197.186.224.157
721,Grantley,Berford,gberfordk0@com.com,Male,115.68.200.22
722,Rand,Santoro,rsantorok1@usatoday.com,Male,167.43.102.106
723,Melloney,Heugh,mheughk2@histats.com,Female,10.148.236.255
724,Laurens,Guiso,lguisok3@privacy.gov.au,Male,164.95.94.164
725,Noel,Rodrig,nrodrigk4@scribd.com,Female,96.126.92.238
726,Ramon,Keys,rkeysk5@goo.gl,Male,159.186.245.153
727,Gasparo,Rathbone,grathbonek6@list-manage.com,Genderfluid,252.142.93.242
728,Kristopher,Yorston,kyorstonk7@goo.gl,Male,20.109.227.128
729,Ann,Ruddom,aruddomk8@google.com.au,Genderqueer,213.193.16.204
730,Bastien,Bocock,bbocockk9@samsung.com,Male,135.168.129.33
731,Sidoney,Graddell,sgraddellka@whitehouse.gov,Female,188.120.13.250
732,Dewitt,Lytlle,dlytllekb@bandcamp.com,Male,98.100.7.45
733,Kendrick,McGeffen,kmcgeffenkc@unc.edu,Male,179.224.30.0
734,Betti,Lightwood,blightwoodkd@mozilla.org,Female,210.237.130.121
735,Ives,Matuszkiewicz,imatuszkiewiczke@trellian.com,Male,239.41.177.36
736,Chevalier,Finden,cfindenkf@icq.com,Male,107.15.190.250
737,Brigham,Ovendon,bovendonkg@bloglines.com,Agender,229.185.177.203
738,Georgie,Baiss,gbaisskh@shareasale.com,Male,77.166.133.139
739,Elsy,Ousbie,eousbieki@fastcompany.com,Female,154.2.143.90
740,Lothario,Giovannini,lgiovanninikj@bloglovin.com,Male,81.20.134.61
741,Mignonne,Ousby,mousbykk@telegraph.co.uk,Female,117.157.173.216
742,Dominica,Nys,dnyskl@jigsy.com,Female,14.114.236.73
743,Rriocard,Waiton,rwaitonkm@usa.gov,Male,230.225.42.195
744,Pavla,Napton,pnaptonkn@amazon.com,Female,135.171.123.192
745,Stefanie,Glaysher,sglaysherko@amazon.de,Bigender,9.252.180.219
746,Katerine,Jeness,kjenesskp@nifty.com,Female,228.27.251.237
747,Gottfried,Northey,gnortheykq@slashdot.org,Male,152.61.166.132
748,Otha,Lightowlers,olightowlerskr@wikipedia.org,Female,158.228.204.125
749,Wiatt,Healeas,whealeasks@facebook.com,Male,249.252.249.91
750,Freeland,Ganders,fganderskt@kickstarter.com,Male,250.120.112.163
751,Lowe,Dmitr,ldmitrku@nymag.com,Male,225.14.59.235
752,Gilburt,Brett,gbrettkv@creativecommons.org,Male,179.233.100.216
753,Antoine,Harlowe,aharlowekw@miitbeian.gov.cn,Male,63.252.50.186
754,Baldwin,Yushkin,byushkinkx@unesco.org,Male,241.69.189.200
755,Amie,Lidgett,alidgettky@alexa.com,Female,208.116.95.113
756,Lotti,Peirson,lpeirsonkz@quantcast.com,Female,58.109.188.188
757,Malina,Crimpe,mcrimpel0@mayoclinic.com,Female,225.233.150.252
758,Judd,Potteridge,jpotteridgel1@csmonitor.com,Male,84.13.22.86
759,Stella,Brotherton,sbrothertonl2@mayoclinic.com,Female,39.187.176.142
760,Gaynor,Duffree,gduffreel3@kickstarter.com,Female,82.239.20.35
761,Chiquia,Chiechio,cchiechiol4@home.pl,Female,102.77.70.137
762,Shalne,Gerritsma,sgerritsmal5@amazonaws.com,Female,16.223.183.32
763,Veradis,Strapp,vstrappl6@java.com,Female,205.244.73.16
764,Oriana,Pyford,opyfordl7@meetup.com,Female,87.187.129.227
765,Ninnetta,Berry,nberryl8@diigo.com,Female,13.142.67.245
766,Rosamond,Burman,rburmanl9@eepurl.com,Female,252.67.111.187
767,Chrissy,Gonzalo,cgonzalola@shinystat.com,Male,121.63.51.169
768,Selma,Pardue,sparduelb@163.com,Female,141.43.75.72
769,Far,Lyokhin,flyokhinlc@twitpic.com,Male,127.3.75.101
770,Marthena,Sibyllina,msibyllinald@shareasale.com,Female,39.234.148.48
771,Jarrett,Gaddesby,jgaddesbyle@narod.ru,Male,243.122.236.210
772,Adela,Fudge,afudgelf@newyorker.com,Female,145.232.211.189
773,Carolan,Jerisch,cjerischlg@nsw.gov.au,Non-binary,66.71.133.215
774,Marrilee,Andraud,mandraudlh@mapquest.com,Female,229.60.98.240
775,Cleve,Janota,cjanotali@ebay.co.uk,Male,109.222.213.121
776,Hurleigh,Gutherson,hguthersonlj@exblog.jp,Male,236.227.228.185
777,Kelli,Amiable,kamiablelk@usgs.gov,Female,181.213.30.193
778,Rosalinda,Ravenscroft,rravenscroftll@rakuten.co.jp,Female,97.43.16.147
779,Holly,Cushelly,hcushellylm@cdc.gov,Male,245.115.66.217
780,Rea,Siemandl,rsiemandlln@xrea.com,Female,169.156.58.194
781,Ray,Blandamere,rblandamerelo@chronoengine.com,Male,81.222.81.77
782,Padraic,Corzor,pcorzorlp@eepurl.com,Male,71.4.217.117
783,Abby,Flory,aflorylq@skype.com,Male,42.102.135.214
784,Jefferson,Cullabine,jcullabinelr@washingtonpost.com,Male,175.16.197.69
785,Petunia,Workman,pworkmanls@newsvine.com,Female,4.166.225.221
786,Godiva,Klimas,gklimaslt@ox.ac.uk,Agender,71.188.138.230
787,Wakefield,Gumary,wgumarylu@bbb.org,Male,141.210.216.3
788,Gwennie,Trett,gtrettlv@networksolutions.com,Female,221.107.10.40
789,Garey,McArdle,gmcardlelw@theguardian.com,Male,186.49.33.130
790,Gabriella,Battye,gbattyelx@tumblr.com,Female,124.19.148.226
791,Vladamir,Schooling,vschoolingly@pen.io,Male,235.22.97.197
792,Marna,Sustins,msustinslz@freewebs.com,Female,79.214.76.109
793,Harmonie,Janaszewski,hjanaszewskim0@ed.gov,Female,27.228.22.156
794,Brooks,Broodes,bbroodesm1@topsy.com,Female,194.205.158.9
795,Marena,Westby,mwestbym2@si.edu,Female,217.132.133.112
796,Viviene,Brinded,vbrindedm3@booking.com,Female,110.135.215.242
797,Dion,Bourner,dbournerm4@360.cn,Female,198.29.85.222
798,Alfy,Forri,aforrim5@utexas.edu,Female,77.183.246.134
799,Elisha,MacSkeagan,emacskeaganm6@economist.com,Male,75.40.227.159
800,Hugh,Provest,hprovestm7@blogs.com,Male,128.202.144.22
801,Cointon,Ebbing,cebbingm8@rediff.com,Male,145.21.181.251
802,Marget,Tubridy,mtubridym9@clickbank.net,Female,131.185.115.166
803,Gunner,Gatlin,ggatlinma@ask.com,Male,102.119.116.238
804,Atlanta,Humby,ahumbymb@biglobe.ne.jp,Female,48.54.126.183
805,Raffarty,Mawford,rmawfordmc@virginia.edu,Male,95.219.165.26
806,Vevay,Brydon,vbrydonmd@phoca.cz,Female,79.201.192.7
807,Leland,Unwin,lunwinme@wikia.com,Genderfluid,233.83.5.96
808,Maxwell,Broz,mbrozmf@senate.gov,Male,119.27.161.161
809,Gabby,Lanktree,glanktreemg@webmd.com,Male,237.123.5.111
810,Lonnard,Twittey,ltwitteymh@reuters.com,Genderqueer,230.254.203.107
811,Fernanda,Pettipher,fpettiphermi@shinystat.com,Genderfluid,40.218.164.161
812,Wilbur,Grosier,wgrosiermj@spotify.com,Male,20.89.91.217
813,Ellsworth,Riedel,eriedelmk@msu.edu,Male,91.1.29.187
814,Ediva,Cathie,ecathieml@live.com,Female,151.16.181.245
815,Odo,Downing,odowningmm@ask.com,Male,89.252.165.9
816,Lurette,Filippo,lfilippomn@weather.com,Female,41.179.239.253
817,Renate,Happert,rhappertmo@desdev.cn,Female,182.94.202.79
818,Devlin,Ravenscroft,dravenscroftmp@geocities.com,Male,92.20.70.118
819,Onfre,Geary,ogearymq@google.it,Male,100.144.43.131
820,Gaultiero,Sancias,gsanciasmr@free.fr,Male,86.93.81.47
821,Andriana,Besse,abessems@yahoo.com,Female,248.213.241.190
822,Boniface,Leeb,bleebmt@nps.gov,Male,197.94.52.154
823,Arvy,Wegner,awegnermu@csmonitor.com,Male,252.113.115.52
824,Maressa,Biddwell,mbiddwellmv@upenn.edu,Female,89.237.129.214
825,Davida,Habron,dhabronmw@google.es,Female,68.81.196.209
826,Maybelle,Lippatt,mlippattmx@hhs.gov,Female,162.48.186.113
827,Jacquelynn,Kabos,jkabosmy@mysql.com,Female,84.243.157.207
828,Dorothee,Buckthorpe,dbuckthorpemz@domainmarket.com,Female,51.97.138.0
829,Kerrin,Rubinowitch,krubinowitchn0@google.fr,Female,207.75.98.233
830,Alic,Bettley,abettleyn1@huffingtonpost.com,Male,147.91.77.242
831,Herta,Hrinchishin,hhrinchishinn2@youtu.be,Female,177.145.141.57
832,Ludwig,Akid,lakidn3@bravesites.com,Male,149.249.190.27
833,Julius,Philippault,jphilippaultn4@privacy.gov.au,Male,44.78.13.83
834,Lotta,Hafford,lhaffordn5@cnn.com,Female,3.102.220.106
835,Shani,Brighouse,sbrighousen6@ed.gov,Female,101.50.240.115
836,Hubie,Toseland,htoselandn7@baidu.com,Male,107.25.221.118
837,Land,Badsey,lbadseyn8@cbslocal.com,Male,226.213.175.30
838,Rodrick,Huygens,rhuygensn9@yellowbook.com,Male,76.236.201.90
839,Falkner,Ormes,formesna@google.co.jp,Male,174.241.213.229
840,Homere,Slaight,hslaightnb@etsy.com,Male,255.193.207.8
841,Pansy,Tift,ptiftnc@skype.com,Female,19.136.221.137
842,Valentino,Cawson,vcawsonnd@angelfire.com,Male,156.207.58.55
843,Ella,Worrall,eworrallne@nbcnews.com,Female,199.96.74.228
844,Gerard,Dodworth,gdodworthnf@free.fr,Male,175.47.203.106
845,Catlee,Everett,ceverettng@cbslocal.com,Female,163.115.250.130
846,Cathee,Keetch,ckeetchnh@so-net.ne.jp,Female,186.147.237.94
847,Melloney,Carbonell,mcarbonellni@fema.gov,Female,174.74.103.200
848,Edgardo,Chaise,echaisenj@mapquest.com,Male,116.194.5.44
849,Zollie,Noden,znodennk@123-reg.co.uk,Male,222.173.6.122
850,Linus,Sieve,lsievenl@desdev.cn,Male,72.135.144.198
851,Linda,Ickowics,lickowicsnm@opera.com,Female,196.63.95.89
852,Jolene,Berrey,jberreynn@tuttocitta.it,Female,238.118.249.249
853,Doti,Pretswell,dpretswellno@ted.com,Female,159.215.79.50
854,Keane,Crowdson,kcrowdsonnp@ameblo.jp,Male,245.3.97.178
855,Arch,Tabbernor,atabbernornq@clickbank.net,Bigender,52.89.187.195
856,Creighton,Rajchert,crajchertnr@w3.org,Male,71.109.218.112
857,Raychel,Kezor,rkezorns@about.com,Female,177.199.97.134
858,Olive,McMurty,omcmurtynt@blinklist.com,Non-binary,104.168.193.123
859,Sheffie,Toop,stoopnu@symantec.com,Male,61.72.237.46
860,Charmion,Garment,cgarmentnv@boston.com,Female,149.122.121.184
861,Bendite,Hurdman,bhurdmannw@answers.com,Female,102.51.201.85
862,Carver,Toppin,ctoppinnx@yandex.ru,Male,242.93.220.136
863,Lorrie,Mallett,lmallettny@canalblog.com,Male,188.119.201.197
864,Kimbra,Peyes,kpeyesnz@go.com,Female,11.206.34.29
865,Ancell,Dennistoun,adennistouno0@wikipedia.org,Male,214.115.137.112
866,Kanya,Corradini,kcorradinio1@yelp.com,Female,5.105.212.49
867,Caye,Albon,calbono2@ca.gov,Non-binary,190.23.198.122
868,Mollee,Bitterton,mbittertono3@gov.uk,Female,78.197.31.252
869,Bartholomew,Winser,bwinsero4@sogou.com,Male,152.20.72.84
870,Artie,Riolfo,ariolfoo5@loc.gov,Male,28.83.241.56
871,Artair,Sambrook,asambrooko6@sun.com,Male,70.224.202.107
872,Muffin,Culvey,mculveyo7@youtube.com,Male,5.156.239.15
873,Horten,Scheffler,hschefflero8@nifty.com,Male,198.95.136.200
874,Neille,Hayto,nhaytoo9@vk.com,Female,123.25.150.30
875,Jo-ann,Ryott,jryottoa@businessinsider.com,Female,138.77.204.7
876,Gaspar,Moatt,gmoattob@fema.gov,Male,14.234.206.75
877,Morry,Lambourne,mlambourneoc@twitter.com,Male,35.40.1.187
878,Jerad,Danielian,jdanielianod@miibeian.gov.cn,Male,79.12.80.151
879,Elianore,Niesegen,eniesegenoe@163.com,Female,193.220.178.62
880,Jackie,Brevetor,jbrevetorof@nps.gov,Female,58.87.113.208
881,Templeton,Tinsey,ttinseyog@fastcompany.com,Male,104.126.109.25
882,Bebe,Cranham,bcranhamoh@umich.edu,Female,172.213.116.140
883,Syman,Salter,ssalteroi@a8.net,Male,166.13.181.187
884,Onfre,Masseo,omasseooj@skype.com,Male,93.200.8.1
885,Arman,Kearns,akearnsok@friendfeed.com,Polygender,62.11.81.20
886,Erminie,Kiernan,ekiernanol@imageshack.us,Female,254.95.224.189
887,Halie,Matyugin,hmatyuginom@mayoclinic.com,Female,26.196.45.55
888,Mano,Archambault,marchambaulton@pen.io,Bigender,248.34.104.246
889,Thor,McGeouch,tmcgeouchoo@pen.io,Male,64.196.178.249
890,Jeanie,Confort,jconfortop@godaddy.com,Female,120.236.48.219
891,Skylar,O'Docherty,sodochertyoq@blogger.com,Bigender,140.185.246.197
892,Tisha,Wethers,twethersor@loc.gov,Female,128.5.48.59
893,Kingsley,Alyokhin,kalyokhinos@skyrock.com,Male,211.23.203.37
894,Dee dee,Pettis,dpettisot@mayoclinic.com,Female,228.55.72.95
895,Tarra,O'Spillane,tospillaneou@plala.or.jp,Female,56.15.30.62
896,Odo,Mothersole,omothersoleov@icq.com,Male,53.50.45.254
897,Leon,Victor,lvictorow@time.com,Male,69.186.67.77
898,Cherice,Cherry,ccherryox@chicagotribune.com,Female,2.198.124.115
899,Cathryn,Chestnut,cchestnutoy@usgs.gov,Female,212.153.239.26
900,Pacorro,Gerhold,pgerholdoz@blogspot.com,Male,81.245.253.91
901,Florie,Addionisio,faddionisiop0@forbes.com,Female,77.64.210.21
902,Johnna,Maggorini,jmaggorinip1@livejournal.com,Female,201.128.29.125
903,Tonya,Wonfor,twonforp2@japanpost.jp,Female,158.135.155.233
904,Cece,Upham,cuphamp3@usda.gov,Genderqueer,122.89.34.58
905,Irv,Toynbee,itoynbeep4@sakura.ne.jp,Male,118.14.120.71
906,Ab,Castletine,acastletinep5@opensource.org,Male,67.118.146.23
907,Rubetta,Cecil,rcecilp6@google.ru,Female,221.49.163.218
908,Daphna,Crigin,dcriginp7@tuttocitta.it,Female,23.154.73.228
909,George,O'Noulane,gonoulanep8@usnews.com,Male,167.237.32.109
910,Donnie,Affron,daffronp9@barnesandnoble.com,Bigender,242.24.27.157
911,Gloria,Livingstone,glivingstonepa@bbb.org,Female,198.159.150.39
912,Orran,Horick,ohorickpb@hibu.com,Male,218.4.135.160
913,Gina,Championnet,gchampionnetpc@mozilla.com,Female,172.220.100.223
914,Rodie,Miskelly,rmiskellypd@engadget.com,Female,97.246.62.208
915,Suzanna,Sibly,ssiblype@businessweek.com,Female,163.51.207.237
916,Loni,Rospars,lrosparspf@nature.com,Female,35.117.14.104
917,Ezmeralda,Juett,ejuettpg@aboutads.info,Female,195.173.191.35
918,Heidie,Fisbburne,hfisbburneph@state.tx.us,Female,67.110.242.224
919,Rik,Kwietek,rkwietekpi@census.gov,Genderqueer,117.22.143.102
920,Kilian,Leivesley,kleivesleypj@blogtalkradio.com,Male,6.185.120.156
921,Linn,Feare,lfearepk@skype.com,Male,118.90.186.128
922,Dynah,Jouannisson,djouannissonpl@va.gov,Female,3.96.227.185
923,Tony,Twinbourne,ttwinbournepm@ask.com,Male,57.14.128.10
924,Malachi,Borthe,mborthepn@yellowpages.com,Male,13.42.207.158
925,Bruis,Riba,bribapo@hc360.com,Male,27.191.179.115
926,Mannie,Jardine,mjardinepp@google.com,Male,202.173.192.71
927,Merrie,Ashurst,mashurstpq@macromedia.com,Female,167.64.15.24
928,Reeva,Beiderbecke,rbeiderbeckepr@wikia.com,Female,33.84.99.23
929,Opal,Summerscales,osummerscalesps@umn.edu,Female,56.120.2.46
930,Jennilee,Longmuir,jlongmuirpt@nationalgeographic.com,Female,61.90.28.75
931,Gino,Curgenuer,gcurgenuerpu@elpais.com,Male,96.110.32.236
932,Rodolphe,Tizzard,rtizzardpv@zdnet.com,Male,48.165.194.78
933,Dominick,Hendrix,dhendrixpw@jigsy.com,Male,10.230.240.112
934,Cesar,MacTague,cmactaguepx@xing.com,Male,203.13.239.56
935,Pammie,Butchard,pbutchardpy@npr.org,Female,74.150.202.178
936,Ninetta,McCroft,nmccroftpz@rambler.ru,Female,117.115.78.198
937,Cynthy,Hughill,chughillq0@cnbc.com,Female,228.38.229.65
938,Britni,Livermore,blivermoreq1@goodreads.com,Female,208.196.122.157
939,Tierney,Crop,tcropq2@thetimes.co.uk,Female,158.198.179.77
940,Floria,Nibley,fnibleyq3@bloglovin.com,Female,182.78.109.181
941,Louella,Boatright,lboatrightq4@scribd.com,Female,184.155.43.178
942,Dewey,Jeandel,djeandelq5@cargocollective.com,Male,237.98.91.121
943,Mavis,Freyne,mfreyneq6@simplemachines.org,Polygender,97.176.215.173
944,Sheena,Starten,sstartenq7@clickbank.net,Female,246.182.251.210
945,Paige,McSherry,pmcsherryq8@arizona.edu,Male,208.184.103.17
946,Desi,Juppe,djuppeq9@1688.com,Non-binary,154.16.90.29
947,Vi,Pietranek,vpietranekqa@smh.com.au,Female,243.209.28.143
948,Hilliary,Errett,herrettqb@exblog.jp,Female,249.242.100.53
949,Fabe,Scrivens,fscrivensqc@people.com.cn,Male,14.187.71.99
950,Clemmy,Humbie,chumbieqd@usatoday.com,Male,151.194.73.57
951,Bear,Gotobed,bgotobedqe@slashdot.org,Male,14.203.33.224
952,Galven,Gwyer,ggwyerqf@sourceforge.net,Male,151.34.96.204
953,Ailene,Wapplington,awapplingtonqg@time.com,Female,77.216.143.158
954,Letizia,Litzmann,llitzmannqh@themeforest.net,Female,24.111.67.196
955,Wilow,Charlewood,wcharlewoodqi@fastcompany.com,Female,197.249.163.235
956,Charlean,Elsom,celsomqj@chron.com,Female,122.255.186.61
957,Uta,Addicott,uaddicottqk@opera.com,Female,192.93.248.137
958,Osbourne,Aglione,oaglioneql@illinois.edu,Male,160.127.91.55
959,Uta,Buret,uburetqm@dmoz.org,Female,230.16.150.203
960,Gabrielle,Extall,gextallqn@acquirethisname.com,Female,82.117.109.206
961,Giacobo,Gravenell,ggravenellqo@ihg.com,Polygender,46.244.135.232
962,Eamon,Crathorne,ecrathorneqp@unc.edu,Male,249.157.92.218
963,Kristofor,Pfleger,kpflegerqq@usgs.gov,Male,121.11.181.217
964,Peirce,Behling,pbehlingqr@cyberchimps.com,Male,255.111.121.20
965,Glyn,Faill,gfaillqs@usda.gov,Polygender,221.249.72.172
966,Stacy,Reynish,sreynishqt@xinhuanet.com,Male,83.152.212.252
967,Fredrick,Jerschke,fjerschkequ@jalbum.net,Male,190.117.174.68
968,Alwyn,Beazer,abeazerqv@spotify.com,Male,188.120.167.226
969,Darcee,Mighele,dmigheleqw@businessinsider.com,Female,93.95.120.255
970,Ali,Barock,abarockqx@indiatimes.com,Female,46.106.124.216
971,Tammie,Hearnden,thearndenqy@ucla.edu,Female,156.225.190.227
972,Perren,Trammel,ptrammelqz@washington.edu,Male,65.98.138.223
973,Conant,Mitham,cmithamr0@over-blog.com,Male,132.153.208.131
974,Guillermo,Lay,glayr1@1688.com,Male,206.125.154.40
975,Mia,Jeans,mjeansr2@yahoo.com,Female,227.39.190.223
976,Farrah,Mandell,fmandellr3@illinois.edu,Female,242.247.72.184
977,Vonni,Haxbie,vhaxbier4@hp.com,Female,72.181.246.125
978,Anya,Matchell,amatchellr5@fema.gov,Female,72.104.40.198
979,Pincas,Doneld,pdoneldr6@a8.net,Male,213.228.15.255
980,Ansley,Pfeffle,apfeffler7@reverbnation.com,Bigender,59.163.25.116
981,Alley,Jacquet,ajacquetr8@de.vu,Male,219.181.224.31
982,El,Denisevich,edenisevichr9@samsung.com,Genderqueer,169.152.174.97
983,Weidar,Marjanovic,wmarjanovicra@yolasite.com,Male,131.87.151.218
984,Olav,Dockery,odockeryrb@elegantthemes.com,Male,8.197.53.220
985,Elyn,Chaffey,echaffeyrc@wired.com,Female,158.214.9.73
986,Haily,Ringer,hringerrd@webeden.co.uk,Female,56.103.133.87
987,Wolfy,Bedlington,wbedlingtonre@vk.com,Male,108.240.17.225
988,Conrado,Coddington,ccoddingtonrf@desdev.cn,Male,252.128.177.253
989,Bartholomeus,Cossor,bcossorrg@parallels.com,Male,38.100.87.172
990,Lacie,Domonkos,ldomonkosrh@nifty.com,Female,220.152.68.72
991,Yancy,Ioselev,yioselevri@ftc.gov,Male,240.31.93.24
992,Lionello,Rollitt,lrollittrj@mac.com,Male,211.91.230.4
993,Eben,Janney,ejanneyrk@liveinternet.ru,Male,125.19.159.187
994,Ileane,Frail,ifrailrl@blogspot.com,Polygender,34.159.225.21
995,Urbano,Thwaites,uthwaitesrm@xrea.com,Male,98.181.250.82
996,Doe,McGarva,dmcgarvarn@123-reg.co.uk,Female,166.93.31.208
997,Laina,Warn,lwarnro@xrea.com,Female,38.3.221.210
998,Clarie,De Marchi,cdemarchirp@netlog.com,Female,161.136.147.222
999,Rolando,Garci,rgarcirq@yolasite.com,Male,224.146.254.60
1000,Ario,Bockmann,abockmannrr@cocolog-nifty.com,Male,142.173.216.194
